markdown_file,lineno,image_path
content/blog/2017/02/05/summary-how-much-is-enough-skidelsky-2012.md,23,"/assets/images/how-much-is-enough_2256291b.jpg ""Image cover for the book How Much is Enough"
content/blog/2019/11/30/2019-november-newsletter.md,38,/assets/images/November-news-blindspots.jpg
content/blog/2019/11/30/2019-november-newsletter.md,52,/assets/images/NOvember-news-future-hub.jpg
content/blog/2019/11/30/2019-november-newsletter.md,62,/assets/images/November-news-dino.jpg
content/blog/2019/11/30/2019-november-newsletter.md,66,/assets/images/November-news-Hannah.jpg
content/blog/2019/11/30/2019-november-newsletter.md,72,/assets/images/NOvember-news-Liam.jpg
content/blog/2019/11/30/2019-november-newsletter.md,134,/assets/images/November-news-wordle-two.png
content/blog/2019/12/13/contemplative-activism-primer-the-pre-gathering-read.md,26,/assets/images/CAintegraltheoryblog.png
content/blog/2020/01/24/ways-of-being-for-2020-aet-winter-sprint-january-2020.md,20,/assets/images/2020-2-02-blog-aet-team-faces-window.JPG
content/blog/2020/01/24/ways-of-being-for-2020-aet-winter-sprint-january-2020.md,34,/assets/images/2020-02-02-blog-aet-ways-of-being.JPG
content/blog/2020/01/24/ways-of-being-for-2020-aet-winter-sprint-january-2020.md,68,/assets/images/2020-02-02-aet-focus-2020.JPG
content/blog/2020/09/10/more-than-just-bricks-and-mortar-bergerac-build-festival-2020.md,37,/assets/images/whatsapp-image-2020-08-19-at-14.46.51-1.jpg
content/blog/2022/01/12/the-politics-of-sustainable-wellbeing-a-primer.md,8,/assets/images/pexels-luis-del-riÃÅo-15286.jpg
content/collaborators.md,27,/assets/images/1200px-LSE_Logo.svg_-300x300.png
content/ontological-politics.md,41,/assets/images/Opera-Snapshot_2021-11-17_205152_possibilitynow.lifeitself.org_-1024x586.png
content/practical-conscious-coliving-course.md,4,/assets/images/practical-action-header
